Workbook

Sheet Escalas de Bono
A1: Escalas de Bono - Volanteo
A3: Leyenda: | B3: Celda editable (supuesto / parámetro)
B4: Celda calculada (no editar)
A6: PERSONAL FIJO (jornada completa)
A7: Nivel | B7: Umbral minimo (volanteos validos / mes) | C7: Bono mensual (S/)
A8: Sin bono | B8: 0 | C8: 0
A9: Nivel 1 - Cumplimiento | B9: 2000 | C9: 80
A10: Nivel 2 - Buen desempeno | B10: 2300 | C10: 130
A11: Nivel 3 - Excelencia | B11: 2600 | C11: 200
A14: PERSONAL EVENTUAL (horario parcial)
A15: Nivel | B15: Umbral minimo (volanteos validos / mes) | C15: Bono mensual (S/)
A16: Sin bono | B16: 0 | C16: 0
A17: Nivel 1 | B17: 1000 | C17: 40
A18: Nivel 2 | B18: 1200 | C18: 70
A19: Nivel 3 | B19: 1400 | C19: 100
A22: PRESUPUESTO
A23: Techo presupuestal mensual del equipo (S/) | B23: 900
A25: Nota: ajusta los umbrales y montos de bono en las celdas amarillas; el resto del libro se recalcula solo.

Sheet Simulador Mensual
A1: Simulador Mensual de Bonos - Equipo de Volanteo
A3: Leyenda: | B3: Celda editable | C3: Celda calculada (formula, no editar)
A5: Nombre / Codigo | B5: Tipo | C5: Volanteos validos en el mes | D5: Cumple consistencia (>=90% dias) | E5: Nivel alcanzado | F5: Bono ganado (S/)
A6: Promotora fija 1 (ejemplo) | B6: Fijo | C6: 2350 | D6: Si | E6: =IF($D6="No","Sin bono (no consistente)",IF($B6="Fijo",IF($C6>='Escalas de Bono'!$B$11,'Escalas de Bono'!$A$11,IF($C6>='Escalas de Bono'!$B$10,'Escalas de Bono'!$A$10,IF($C6>='Escalas de Bono'!$B$9,'Escalas de Bono'!$A$9,'Escalas de Bono'!$A$8))),IF($C6>='Escalas de Bono'!$B$19,'Escalas de Bono'!$A$19,IF($C6>='Escalas de Bono'!$B$18,'Escalas de Bono'!$A$18,IF($C6>='Escalas de Bono'!$B$17,'Escalas de Bono'!$A$17,'Escalas de Bono'!$A$16))))) -> Nivel 2 - Buen desempeno | F6: =IF($D6="No",0,IF($B6="Fijo",IF($C6>='Escalas de Bono'!$B$11,'Escalas de Bono'!$C$11,IF($C6>='Escalas de Bono'!$B$10,'Escalas de Bono'!$C$10,IF($C6>='Escalas de Bono'!$B$9,'Escalas de Bono'!$C$9,0))),IF($C6>='Escalas de Bono'!$B$19,'Escalas de Bono'!$C$19,IF($C6>='Escalas de Bono'!$B$18,'Escalas de Bono'!$C$18,IF($C6>='Escalas de Bono'!$B$17,'Escalas de Bono'!$C$17,0))))) -> 130
A7: Promotora fija 2 | B7: Fijo | C7: 2050 | D7: Si | E7: =IF($D7="No","Sin bono (no consistente)",IF($B7="Fijo",IF($C7>='Escalas de Bono'!$B$11,'Escalas de Bono'!$A$11,IF($C7>='Escalas de Bono'!$B$10,'Escalas de Bono'!$A$10,IF($C7>='Escalas de Bono'!$B$9,'Escalas de Bono'!$A$9,'Escalas de Bono'!$A$8))),IF($C7>='Escalas de Bono'!$B$19,'Escalas de Bono'!$A$19,IF($C7>='Escalas de Bono'!$B$18,'Escalas de Bono'!$A$18,IF($C7>='Escalas de Bono'!$B$17,'Escalas de Bono'!$A$17,'Escalas de Bono'!$A$16))))) -> Nivel 1 - Cumplimiento | F7: =IF($D7="No",0,IF($B7="Fijo",IF($C7>='Escalas de Bono'!$B$11,'Escalas de Bono'!$C$11,IF($C7>='Escalas de Bono'!$B$10,'Escalas de Bono'!$C$10,IF($C7>='Escalas de Bono'!$B$9,'Escalas de Bono'!$C$9,0))),IF($C7>='Escalas de Bono'!$B$19,'Escalas de Bono'!$C$19,IF($C7>='Escalas de Bono'!$B$18,'Escalas de Bono'!$C$18,IF($C7>='Escalas de Bono'!$B$17,'Escalas de Bono'!$C$17,0))))) -> 80
A8: Promotora fija 3 | B8: Fijo | C8: 2650 | D8: No | E8: =IF($D8="No","Sin bono (no consistente)",IF($B8="Fijo",IF($C8>='Escalas de Bono'!$B$11,'Escalas de Bono'!$A$11,IF($C8>='Escalas de Bono'!$B$10,'Escalas de Bono'!$A$10,IF($C8>='Escalas de Bono'!$B$9,'Escalas de Bono'!$A$9,'Escalas de Bono'!$A$8))),IF($C8>='Escalas de Bono'!$B$19,'Escalas de Bono'!$A$19,IF($C8>='Escalas de Bono'!$B$18,'Escalas de Bono'!$A$18,IF($C8>='Escalas de Bono'!$B$17,'Escalas de Bono'!$A$17,'Escalas de Bono'!$A$16))))) -> Sin bono (no consistente) | F8: =IF($D8="No",0,IF($B8="Fijo",IF($C8>='Escalas de Bono'!$B$11,'Escalas de Bono'!$C$11,IF($C8>='Escalas de Bono'!$B$10,'Escalas de Bono'!$C$10,IF($C8>='Escalas de Bono'!$B$9,'Escalas de Bono'!$C$9,0))),IF($C8>='Escalas de Bono'!$B$19,'Escalas de Bono'!$C$19,IF($C8>='Escalas de Bono'!$B$18,'Escalas de Bono'!$C$18,IF($C8>='Escalas de Bono'!$B$17,'Escalas de Bono'!$C$17,0))))) -> 0
A9: Promotor eventual 1 | B9: Eventual | C9: 1150 | D9: Si | E9: =IF($D9="No","Sin bono (no consistente)",IF($B9="Fijo",IF($C9>='Escalas de Bono'!$B$11,'Escalas de Bono'!$A$11,IF($C9>='Escalas de Bono'!$B$10,'Escalas de Bono'!$A$10,IF($C9>='Escalas de Bono'!$B$9,'Escalas de Bono'!$A$9,'Escalas de Bono'!$A$8))),IF($C9>='Escalas de Bono'!$B$19,'Escalas de Bono'!$A$19,IF($C9>='Escalas de Bono'!$B$18,'Escalas de Bono'!$A$18,IF($C9>='Escalas de Bono'!$B$17,'Escalas de Bono'!$A$17,'Escalas de Bono'!$A$16))))) -> Nivel 1 | F9: =IF($D9="No",0,IF($B9="Fijo",IF($C9>='Escalas de Bono'!$B$11,'Escalas de Bono'!$C$11,IF($C9>='Escalas de Bono'!$B$10,'Escalas de Bono'!$C$10,IF($C9>='Escalas de Bono'!$B$9,'Escalas de Bono'!$C$9,0))),IF($C9>='Escalas de Bono'!$B$19,'Escalas de Bono'!$C$19,IF($C9>='Escalas de Bono'!$B$18,'Escalas de Bono'!$C$18,IF($C9>='Escalas de Bono'!$B$17,'Escalas de Bono'!$C$17,0))))) -> 40
A10: Promotor eventual 2 | B10: Eventual | C10: 900 | D10: Si | E10: =IF($D10="No","Sin bono (no consistente)",IF($B10="Fijo",IF($C10>='Escalas de Bono'!$B$11,'Escalas de Bono'!$A$11,IF($C10>='Escalas de Bono'!$B$10,'Escalas de Bono'!$A$10,IF($C10>='Escalas de Bono'!$B$9,'Escalas de Bono'!$A$9,'Escalas de Bono'!$A$8))),IF($C10>='Escalas de Bono'!$B$19,'Escalas de Bono'!$A$19,IF($C10>='Escalas de Bono'!$B$18,'Escalas de Bono'!$A$18,IF($C10>='Escalas de Bono'!$B$17,'Escalas de Bono'!$A$17,'Escalas de Bono'!$A$16))))) -> Sin bono | F10: =IF($D10="No",0,IF($B10="Fijo",IF($C10>='Escalas de Bono'!$B$11,'Escalas de Bono'!$C$11,IF($C10>='Escalas de Bono'!$B$10,'Escalas de Bono'!$C$10,IF($C10>='Escalas de Bono'!$B$9,'Escalas de Bono'!$C$9,0))),IF($C10>='Escalas de Bono'!$B$19,'Escalas de Bono'!$C$19,IF($C10>='Escalas de Bono'!$B$18,'Escalas de Bono'!$C$18,IF($C10>='Escalas de Bono'!$B$17,'Escalas de Bono'!$C$17,0))))) -> 0
A11: Promotor eventual 3 | B11: Eventual | C11: 1420 | D11: Si | E11: =IF($D11="No","Sin bono (no consistente)",IF($B11="Fijo",IF($C11>='Escalas de Bono'!$B$11,'Escalas de Bono'!$A$11,IF($C11>='Escalas de Bono'!$B$10,'Escalas de Bono'!$A$10,IF($C11>='Escalas de Bono'!$B$9,'Escalas de Bono'!$A$9,'Escalas de Bono'!$A$8))),IF($C11>='Escalas de Bono'!$B$19,'Escalas de Bono'!$A$19,IF($C11>='Escalas de Bono'!$B$18,'Escalas de Bono'!$A$18,IF($C11>='Escalas de Bono'!$B$17,'Escalas de Bono'!$A$17,'Escalas de Bono'!$A$16))))) -> Nivel 3 | F11: =IF($D11="No",0,IF($B11="Fijo",IF($C11>='Escalas de Bono'!$B$11,'Escalas de Bono'!$C$11,IF($C11>='Escalas de Bono'!$B$10,'Escalas de Bono'!$C$10,IF($C11>='Escalas de Bono'!$B$9,'Escalas de Bono'!$C$9,0))),IF($C11>='Escalas de Bono'!$B$19,'Escalas de Bono'!$C$19,IF($C11>='Escalas de Bono'!$B$18,'Escalas de Bono'!$C$18,IF($C11>='Escalas de Bono'!$B$17,'Escalas de Bono'!$C$17,0))))) -> 100
A12: Promotor eventual 4 | B12: Eventual | C12: 1000 | D12: Si | E12: =IF($D12="No","Sin bono (no consistente)",IF($B12="Fijo",IF($C12>='Escalas de Bono'!$B$11,'Escalas de Bono'!$A$11,IF($C12>='Escalas de Bono'!$B$10,'Escalas de Bono'!$A$10,IF($C12>='Escalas de Bono'!$B$9,'Escalas de Bono'!$A$9,'Escalas de Bono'!$A$8))),IF($C12>='Escalas de Bono'!$B$19,'Escalas de Bono'!$A$19,IF($C12>='Escalas de Bono'!$B$18,'Escalas de Bono'!$A$18,IF($C12>='Escalas de Bono'!$B$17,'Escalas de Bono'!$A$17,'Escalas de Bono'!$A$16))))) -> Nivel 1 | F12: =IF($D12="No",0,IF($B12="Fijo",IF($C12>='Escalas de Bono'!$B$11,'Escalas de Bono'!$C$11,IF($C12>='Escalas de Bono'!$B$10,'Escalas de Bono'!$C$10,IF($C12>='Escalas de Bono'!$B$9,'Escalas de Bono'!$C$9,0))),IF($C12>='Escalas de Bono'!$B$19,'Escalas de Bono'!$C$19,IF($C12>='Escalas de Bono'!$B$18,'Escalas de Bono'!$C$18,IF($C12>='Escalas de Bono'!$B$17,'Escalas de Bono'!$C$17,0))))) -> 40
A13: Promotor eventual 5 | B13: Eventual | C13: 0 | D13: Si | E13: =IF($D13="No","Sin bono (no consistente)",IF($B13="Fijo",IF($C13>='Escalas de Bono'!$B$11,'Escalas de Bono'!$A$11,IF($C13>='Escalas de Bono'!$B$10,'Escalas de Bono'!$A$10,IF($C13>='Escalas de Bono'!$B$9,'Escalas de Bono'!$A$9,'Escalas de Bono'!$A$8))),IF($C13>='Escalas de Bono'!$B$19,'Escalas de Bono'!$A$19,IF($C13>='Escalas de Bono'!$B$18,'Escalas de Bono'!$A$18,IF($C13>='Escalas de Bono'!$B$17,'Escalas de Bono'!$A$17,'Escalas de Bono'!$A$16))))) -> Sin bono | F13: =IF($D13="No",0,IF($B13="Fijo",IF($C13>='Escalas de Bono'!$B$11,'Escalas de Bono'!$C$11,IF($C13>='Escalas de Bono'!$B$10,'Escalas de Bono'!$C$10,IF($C13>='Escalas de Bono'!$B$9,'Escalas de Bono'!$C$9,0))),IF($C13>='Escalas de Bono'!$B$19,'Escalas de Bono'!$C$19,IF($C13>='Escalas de Bono'!$B$18,'Escalas de Bono'!$C$18,IF($C13>='Escalas de Bono'!$B$17,'Escalas de Bono'!$C$17,0))))) -> 0
A14: TOTAL EQUIPO | F14: =SUM(F6:F13) -> 390
A16: Techo presupuestal mensual (S/) | C16: ='Escalas de Bono'!$B$23 -> 900
A17: Diferencia vs. techo (S/) | C17: ='Escalas de Bono'!$B$23-F14 -> 510
A18: Estado del presupuesto | C18: =IF(F14<='Escalas de Bono'!$B$23,"Dentro de presupuesto","EXCEDE el presupuesto") -> Dentro de presupuesto

Sheet Comparacion Esquema Anterior
A1: Comparacion vs. Esquema Anterior (500 volanteos/semana = S/200)
A3: Supuestos del esquema anterior:
A4: Bono por 500 volanteos/semana cumplidos (S/) | C4: 200
A5: Semanas promedio trabajadas al mes | C5: 4.33
A7: Nombre / Codigo | B7: Tipo | C7: Cumple 500/semana de forma sostenida? | D7: Costo mensual - Esquema ANTERIOR (S/) | E7: Bono ganado - Esquema NUEVO (S/) | F7: Ahorro / (Sobrecosto) (S/)
A8: ='Simulador Mensual'!A6 -> Promotora fija 1 (ejemplo) | B8: ='Simulador Mensual'!B6 -> Fijo | C8: Si | D8: =IF($C8="Si",$C$4*$C$5,0) -> 866 | E8: ='Simulador Mensual'!F6 -> 130 | F8: =D8-E8 -> 736
A9: ='Simulador Mensual'!A7 -> Promotora fija 2 | B9: ='Simulador Mensual'!B7 -> Fijo | C9: No | D9: =IF($C9="Si",$C$4*$C$5,0) -> 0 | E9: ='Simulador Mensual'!F7 -> 80 | F9: =D9-E9 -> -80
A10: ='Simulador Mensual'!A8 -> Promotora fija 3 | B10: ='Simulador Mensual'!B8 -> Fijo | C10: Si | D10: =IF($C10="Si",$C$4*$C$5,0) -> 866 | E10: ='Simulador Mensual'!F8 -> 0 | F10: =D10-E10 -> 866
A11: ='Simulador Mensual'!A9 -> Promotor eventual 1 | B11: ='Simulador Mensual'!B9 -> Eventual | C11: No | D11: =IF($C11="Si",$C$4*$C$5,0) -> 0 | E11: ='Simulador Mensual'!F9 -> 40 | F11: =D11-E11 -> -40
A12: ='Simulador Mensual'!A10 -> Promotor eventual 2 | B12: ='Simulador Mensual'!B10 -> Eventual | C12: No | D12: =IF($C12="Si",$C$4*$C$5,0) -> 0 | E12: ='Simulador Mensual'!F10 -> 0 | F12: =D12-E12 -> 0
A13: ='Simulador Mensual'!A11 -> Promotor eventual 3 | B13: ='Simulador Mensual'!B11 -> Eventual | C13: Si | D13: =IF($C13="Si",$C$4*$C$5,0) -> 866 | E13: ='Simulador Mensual'!F11 -> 100 | F13: =D13-E13 -> 766
A14: ='Simulador Mensual'!A12 -> Promotor eventual 4 | B14: ='Simulador Mensual'!B12 -> Eventual | C14: No | D14: =IF($C14="Si",$C$4*$C$5,0) -> 0 | E14: ='Simulador Mensual'!F12 -> 40 | F14: =D14-E14 -> -40
A15: ='Simulador Mensual'!A13 -> Promotor eventual 5 | B15: ='Simulador Mensual'!B13 -> Eventual | C15: No | D15: =IF($C15="Si",$C$4*$C$5,0) -> 0 | E15: ='Simulador Mensual'!F13 -> 0 | F15: =D15-E15 -> 0
A16: TOTAL EQUIPO | D16: =SUM(D8:D15) -> 2598 | E16: =SUM(E8:E15) -> 390 | F16: =SUM(F8:F15) -> 2208
A18: Ahorro mensual estimado con el nuevo esquema (S/) | C18: =D16-E16 -> 2208
A19: Ahorro estimado (%) | C19: =IF(D16=0,"-",(D16-E16)/D16) -> 0.84988453
A21: Nota: la columna C ("Cumple 500/semana de forma sostenida?") es un supuesto editable para simular distintos escenarios de cumplimiento del equipo bajo el esquema anterior.
